"zenith_deg","parts_sum_m2","underwood_ward_m2"
0,0.140289788423971,0.0500951523512799
5,0.187552132316622,0.09434773578292
10,0.233774735669943,0.137882275976532
15,0.278609238810396,0.180367448794368
20,0.321719940886487,0.221479916418035
25,0.36278602626878,0.260906788144531
30,0.401503444653676,0.298348001673422
35,0.437586317599162,0.333518606762128
40,0.470767704804155,0.366150933869335
45,0.500799531516811,0.395996631281816
50,0.527451481828849,0.42282855522094
55,0.550508758664041,0.446442498543971
60,0.569768896471705,0.466658744883731
65,0.585038405193949,0.483323436398671
70,0.596130968385697,0.496309744723948
75,0.602869957451785,0.505518836211858
80,0.605098316451738,0.510880624115576
85,0.602697092616331,0.512354301991621
90,0.595609397273036,0.509928654261523
